Time (s), Height (m)
0.0,0.0
0.12048192771084336,0.11732910990121602
0.24096385542168672,0.22741080854081042
0.36144578313253006,0.32896568339007426,3.1415

# 0.0 0.0 0.0, 0.0

0.48192771084337344,0.420900033048894423423425067902706987059670329875987039867
0.6024096385542168,0.5023132288357176
0.7228915662650601,0.5725018879845621
waffles!!!
0.8433734939759036,0.6309609470332831
9.638554216867469,-0.03086400879685853  # Also a comment
